{"cameraMode":{"drawMode":0,"name":"Shaded","section":"Shading Mode"},"sceneLighting":false,"audioPlay":false,"sceneViewState":{"m_AlwaysRefresh":false,"showFog":true,"showSkybox":false,"showFlares":true,"showImageEffects":true,"showParticleSystems":true,"showVisualEffectGraphs":true,"m_FxEnabled":true},"in2DMode":false,"pivot":{"x":-6.698477745056152,"y":-0.05726929381489754,"z":-2.652442455291748},"rotation":{"x":-0.34756481647491457,"y":-0.10461501777172089,"z":0.03906314820051193,"w":-0.9309799671173096},"size":10.319883346557618,"orthographic":false}