{"cameraMode":{"drawMode":0,"name":"Shaded","section":"Shading Mode"},"sceneLighting":false,"audioPlay":false,"sceneViewState":{"m_AlwaysRefresh":false,"showFog":true,"showSkybox":false,"showFlares":true,"showImageEffects":true,"showParticleSystems":true,"showVisualEffectGraphs":true,"m_FxEnabled":true},"in2DMode":false,"pivot":{"x":19.977741241455079,"y":15.285038948059082,"z":-6.595564842224121},"rotation":{"x":-0.49359720945358279,"y":-0.015131236985325814,"z":0.0085969939827919,"w":-0.8695142865180969},"size":0.8660253882408142,"orthographic":false}