{"cameraMode":{"drawMode":0,"name":"Shaded","section":"Shading Mode"},"sceneLighting":false,"audioPlay":false,"sceneViewState":{"m_AlwaysRefresh":false,"showFog":true,"showSkybox":false,"showFlares":true,"showImageEffects":true,"showParticleSystems":true,"showVisualEffectGraphs":true,"m_FxEnabled":true},"in2DMode":false,"pivot":{"x":-0.05515773594379425,"y":0.4274543821811676,"z":-1.788847804069519},"rotation":{"x":-0.1541740894317627,"y":0.01392917986959219,"z":-0.0021591954864561559,"w":-0.9879305362701416},"size":0.4897303879261017,"orthographic":false}